{
  "collab": {
    "duration_mae": 28.49102427492238,
    "onnx_verified": true,
    "cost_mae": 42884.58899118729
  },
  "med": {
    "duration_mae": 48.651456456179936,
    "onnx_verified": true,
    "cost_mae": 99843.5450847271
  },
  "court": {
    "duration_mae": 209.8510225298205,
    "onnx_verified": true,
    "cost_mae": 268934.2867126163
  },
  "meera_predictions": {
    "collab": {
      "duration": 75.37188720703125,
      "cost": 102632.234375
    },
    "med": {
      "duration": 164.28692626953125,
      "cost": 283225.15625
    },
    "court": {
      "duration": 475.105224609375,
      "cost": 692383.9375
    }
  },
  "calibration_max_deviation": 0.03265331684577655
}